data_ms,gnorm,loss,lr,mem_alloc_mb,mem_peak_mb,mem_reserved_mb,ppl,rss_mb,skipped_steps,step,step_ms,tok_per_s,tok_per_s_ema,tokens_seen
176.61786079406738,0.5487418174743652,10.982076644897461,2e-05,2527.5693359375,8193.83154296875,9842.0,58810.55619487993,2246.76953125,0,1,805.1896095275879,16673.272636529837,16673.272636529837,16384
0.14138221740722656,0.6191250681877136,10.809297561645508,0.0002,2529.533203125,8571.93896484375,11414.0,49478.700431748424,2247.171875,0,10,664.6218299865723,24674.55182577036,17873.464514915915,163840
0.22935867309570312,1.3976964950561523,9.660449028015137,0.0004,2529.533203125,8571.93896484375,11414.0,15684.826013382753,2247.17578125,0,20,665.022611618042,24626.84217080673,18886.47116329954,327680
0.16236305236816406,1.0520845651626587,8.40025520324707,0.0006,2529.533203125,8571.93896484375,11414.0,4448.201798401959,2247.18359375,0,30,666.5349006652832,24554.91965992178,19736.738437792876,491520
0.2429485321044922,0.6088187098503113,7.682108402252197,0.0008,2529.533203125,8571.93896484375,11414.0,2169.1884756898676,2247.18359375,0,40,668.6868667602539,24589.194775743905,20464.606888485527,655360
0.1919269561767578,0.704825758934021,7.604016304016113,0.001,2529.533203125,8571.93896484375,11414.0,2006.2373950472834,2247.58984375,0,50,666.5840148925781,24529.032996547954,21074.27080469489,819200
0.3027915954589844,0.6795793771743774,7.47580623626709,0.000998903822616921,2529.533203125,8571.93896484375,11414.0,1764.8239798556208,2247.58984375,0,60,665.0421619415283,24561.772304060472,21597.396029599728,983040
0.27561187744140625,0.6350664496421814,7.3685078620910645,0.0009956206309337068,2529.533203125,8571.93896484375,11414.0,1585.266581026406,2247.58984375,0,70,663.0802154541016,24631.55851996756,22052.520403154904,1146880
0.21576881408691406,0.7894286513328552,7.243277072906494,0.0009901664203302125,2529.533203125,8571.93896484375,11414.0,1398.6700123630394,2248.51171875,0,80,664.4563674926758,24687.182859521065,22447.719771609827,1310720
0.15211105346679688,0.5563926696777344,7.154773712158203,0.0009825677631722434,2529.533203125,8571.93896484375,11414.0,1280.2027107627441,2247.6015625,0,90,663.5172367095947,24683.280332361894,22783.05385572264,1474560
0.15997886657714844,0.5128192901611328,7.099954128265381,0.0009728616793536587,2529.533203125,8571.93896484375,11414.0,1211.9114807356693,2247.60546875,0,100,666.0158634185791,24739.024786121186,23076.44949528242,1638400
0.141143798828125,0.533336341381073,6.871225357055664,0.0009610954559391703,2529.533203125,8571.93896484375,11414.0,964.1292448603416,2247.60546875,0,110,658.7643623352051,24712.78868718172,23321.900374067314,1802240
0.7901191711425781,0.4791043698787689,6.854923248291016,0.0009473264167865173,2529.533203125,8571.93896484375,11414.0,948.5393245969474,2247.60546875,0,120,658.1752300262451,24781.292872107362,23540.809248773323,1966080
0.2675056457519531,0.40384408831596375,6.7594075202941895,0.0009316216432703917,2529.533203125,8818.66015625,11414.0,862.1312491725533,2247.60546875,0,130,666.1062240600586,24635.20007433635,23704.967872607776,2129920
0.9973049163818359,0.3943365216255188,6.641847610473633,0.0009140576474687263,2529.533203125,8818.66015625,11414.0,766.5098972358893,2247.60546875,0,140,664.3350124359131,24685.751523589817,23852.08542025508,2293760
0.16427040100097656,0.3909754455089569,6.651567459106445,0.00089471999940354,2529.533203125,8818.66015625,11414.0,773.9965831974816,2247.60546875,0,150,660.7494354248047,24639.264981321416,23970.16235441503,2457600
0.1575946807861328,0.4534012973308563,6.603882789611816,0.000873702910152393,2529.533203125,8818.66015625,11414.0,737.9549575529684,2247.60546875,0,160,669.727087020874,24552.674600875765,24057.53919138414,2621440
0.17499923706054688,0.40064311027526855,6.551999092102051,0.0008511087728614862,2529.533203125,8818.66015625,11414.0,700.6434254716388,2247.60546875,0,170,667.7908897399902,24491.157486505257,24122.581935652306,2785280
0.1957416534423828,0.3972434103488922,6.45684814453125,0.0008270476638965462,2529.533203125,8818.66015625,11414.0,637.0499994291141,2247.60546875,0,180,669.7332859039307,24482.292557572215,24176.53852894029,2949120
0.1735687255859375,0.4377637803554535,6.423182487487793,0.000801636806561836,2529.533203125,8818.66015625,11414.0,615.9602840362102,2247.8828125,0,190,671.0927486419678,24468.43565071099,24220.323097205895,3112960
0.16427040100097656,0.45732027292251587,6.435617446899414,0.0007750000000000001,2529.533203125,8818.66015625,11414.0,623.6675455966244,2247.8828125,0,200,669.029712677002,24487.20761215873,24260.355774448817,3276800
0.3101825714111328,0.43415236473083496,6.472614288330078,0.0007472670160550848,2529.533203125,8818.66015625,11414.0,647.1734152435475,2247.8828125,0,210,669.8181629180908,24520.864208614483,24299.43203957367,3440640
0.1609325408935547,0.3829304873943329,6.460381507873535,0.0007185729670371604,2529.533203125,8818.66015625,11414.0,639.3049099073303,2247.8828125,0,220,665.3702259063721,24499.4872915607,24329.44032737172,3604480
0.1800060272216797,0.44220051169395447,6.340926170349121,0.0006890576474687264,2529.533203125,8818.66015625,11414.0,567.3215044907892,2247.8828125,0,230,667.7911281585693,24502.757895540795,24355.437962597083,3768320
0.14519691467285156,0.3922903835773468,6.276790618896484,0.0006588648530198504,2529.533203125,8818.66015625,11414.0,532.0782786815874,2247.8828125,0,240,668.3220863342285,24524.733923525502,24380.832356736344,3932160
0.1933574676513672,0.4477364718914032,6.327581882476807,0.0006281416799501187,2529.533203125,8818.66015625,11414.0,559.8012905618625,2248.34765625,0,250,666.2867069244385,24549.00302888849,24406.057957559166,4096000
0.1544952392578125,0.46684619784355164,6.339998722076416,0.000597037808470444,2529.533203125,8818.66015625,11414.0,566.7955870596851,2248.40625,0,260,668.0302619934082,24523.99699086267,24423.74881255469,4259840
0.1971721649169922,0.4584231376647949,6.411617279052734,0.0005657047735161256,2529.533203125,8818.66015625,11414.0,608.8776102076799,2248.40625,0,270,667.0708656311035,24502.583161712326,24435.573964928335,4423680
0.22339820861816406,0.38912343978881836,6.248120307922363,0.0005342952264838748,2529.533203125,8818.66015625,11414.0,517.0400346249928,2248.40625,0,280,671.6451644897461,24485.85608079083,24443.11628230771,4587520
0.13947486877441406,0.37056687474250793,6.239225387573242,0.000502962191529556,2529.533203125,8818.66015625,11414.0,512.4613981911767,2248.40625,0,290,667.3517227172852,24507.390124245427,24452.757358598366,4751360
0.1266002655029297,0.5079213380813599,6.2396721839904785,0.00047185832004988137,2529.533203125,8818.66015625,11414.0,512.6904152660549,2248.40625,0,300,668.6453819274902,24541.749947234122,24466.10624689373,4915200
0.3142356872558594,0.42657405138015747,6.256322383880615,0.00044113514698014957,2529.533203125,8818.66015625,11414.0,521.2982755979992,2248.40625,0,310,668.4210300445557,24534.8357640512,24476.41567446735,5079040
0.2105236053466797,0.3632553815841675,6.2137370109558105,0.0004109423525312738,2529.533203125,8818.66015625,11414.0,499.56464591008364,2248.40625,0,320,665.2324199676514,24530.71504366122,24484.56057984643,5242880
0.19431114196777344,0.35344168543815613,6.086145401000977,0.00038142703296283954,2529.533203125,8818.66015625,11414.0,439.72318371198213,2253.98046875,0,330,669.1653728485107,24528.831621674013,24491.201236120567,5406720
0.8749961853027344,0.4316123127937317,6.076597213745117,0.00035273298394491515,2529.533203125,8818.66015625,11414.0,435.54460508472033,2253.98046875,0,340,668.8022613525391,24523.150710718222,24495.993657310217,5570560
0.19025802612304688,0.3819706439971924,6.13084602355957,0.00032500000000000015,2529.533203125,8818.66015625,11414.0,459.82501896442903,2253.984375,0,350,667.9644584655762,24538.732672646493,24502.404509610657,5734400
0.1442432403564453,0.36790162324905396,6.033696174621582,0.000298363193438164,2529.533203125,8818.66015625,11414.0,417.2544279137234,2253.984375,0,360,669.29030418396,24513.84373361525,24504.120393211342,5898240
0.16927719116210938,0.37188515067100525,6.092552661895752,0.00027295233610345385,2529.533203125,8818.66015625,11414.0,442.5496501558955,2253.984375,0,370,666.6085720062256,24563.74771294826,24513.06449117188,6062080
0.23674964904785156,0.3555031716823578,6.105615615844727,0.00024889122713851394,2529.533203125,8818.66015625,11414.0,448.36857931251075,2253.984375,0,380,666.4474010467529,24482.29517422214,24508.44909362942,6225920
0.2574920654296875,0.36475539207458496,6.071689605712891,0.0002262970898476071,2529.533203125,8818.66015625,11414.0,433.41235927526935,2253.984375,0,390,668.8332557678223,24490.22095607671,24505.714872996516,6389760
0.21338462829589844,0.47114643454551697,6.173112869262695,0.00020528000059645996,2529.533203125,8818.66015625,11414.0,479.6769561275282,2253.984375,0,400,667.896032333374,24524.41796478685,24508.520336765065,6553600
0.16260147094726562,0.39007696509361267,6.064423084259033,0.00018594235253127373,2529.533203125,8818.66015625,11414.0,430.2743739946439,2253.98828125,0,410,663.128137588501,24517.890556255305,24509.9258696886,6717440
0.13589859008789062,0.3858654201030731,6.001592636108398,0.00016837835672960832,2529.533203125,8818.66015625,11414.0,404.07182067465425,2253.98828125,0,420,668.0009365081787,24537.01185265955,24513.988767134244,6881280
0.21886825561523438,0.449693500995636,6.140294075012207,0.00015267358321348289,2529.533203125,8818.66015625,11414.0,464.1900574864611,2253.98828125,0,430,669.3518161773682,24516.881130716323,24514.422621671558,7045120
0.2167224884033203,0.4924839437007904,6.070579528808594,0.0001389045440608296,2529.533203125,8818.66015625,11414.0,432.93150516709954,2254.84375,0,440,665.4322147369385,24529.89369251387,24516.743282297903,7208960
0.8461475372314453,0.4641788899898529,6.094178199768066,0.00012713832064634127,2529.533203125,8818.66015625,11414.0,443.26961638025074,2254.51953125,0,450,667.3996448516846,24529.617002380877,24518.67434031035,7372800
0.4317760467529297,0.41159486770629883,6.09065055847168,0.0001174322368277565,2529.533203125,8818.66015625,11414.0,441.70867501541295,2254.51953125,0,460,666.7590141296387,24510.781735818844,24517.490449636625,7536640
0.1385211944580078,0.37137576937675476,5.949268341064453,0.00010983357966978745,2529.533203125,8818.66015625,11414.0,383.47266519283465,2254.7578125,0,470,667.4096584320068,24501.589847251107,24515.105359278798,7700480
0.17905235290527344,0.3886467516422272,6.033817768096924,0.00010437936906629335,2529.533203125,8818.66015625,11414.0,417.305166414388,2254.7578125,0,480,667.9778099060059,24497.82175060942,24512.51281797839,7864320
0.2167224884033203,0.36690816283226013,6.014556407928467,0.00010109617738307913,2529.533203125,8818.66015625,11414.0,409.34421678744746,2254.7578125,0,490,664.7229194641113,24514.745341333506,24512.847696481655,8028160
0.17213821411132812,0.37321606278419495,5.980766773223877,0.0001,2529.533203125,8818.66015625,11414.0,395.7436975188208,2254.7578125,0,500,668.6413288116455,24480.480225752213,24507.99257587224,8192000
