data_ms,gnorm,loss,loss_scale,lr,mem_alloc_mb,mem_peak_mb,mem_reserved_mb,ppl,rss_mb,skipped_steps,step,step_ms,tok_per_s,tok_per_s_ema,tokens_seen
193.20392608642578,0.7154479026794434,10.988410949707031,65536.0,1e-05,2279.31884765625,7252.734375,8212.0,59184.26251919199,2374.84765625,0,1,782.8819751739502,16769.097562386178,16769.097562386178,16384
0.1735687255859375,0.8137069344520569,10.802573204040527,65536.0,0.0001,2283.83447265625,7862.6083984375,9782.0,49147.10409188182,2329.35546875,0,10,456.7718505859375,35746.77066169309,19615.748527282212,163840
0.17309188842773438,1.5493714809417725,9.778156280517578,65536.0,0.0002,2283.83447265625,7862.6083984375,9782.0,17644.09208944156,2330.625,0,20,460.4833126068115,35557.709606584474,22007.04268917755,327680
0.10561943054199219,1.3737642765045166,8.789982795715332,65536.0,0.0003,2283.83447265625,7862.6083984375,9782.0,6568.119174702774,2330.625,0,30,459.2785835266113,35606.53870771633,24046.967091958366,491520
0.29659271240234375,0.7971585392951965,7.88040828704834,65536.0,0.0004,2283.83447265625,7862.6083984375,9782.0,2644.9522390206785,2330.625,0,40,458.0671787261963,35456.71048689214,25758.428601198433,655360
0.1990795135498047,0.5533669590950012,7.590153694152832,65536.0,0.0005,2283.83447265625,7862.6083984375,9782.0,1978.6175923325852,2331.11328125,0,50,463.20533752441406,35411.35650438193,27206.367786675957,819200
0.18978118896484375,0.8119978308677673,7.47904109954834,65536.0,0.0006,2283.83447265625,7862.6083984375,9782.0,1770.5421879702187,2331.11328125,0,60,467.7734375,35145.36916394861,28397.217993266855,983040
0.23365020751953125,0.7379576563835144,7.353270530700684,65536.0,0.0007,2283.83447265625,7862.6083984375,9782.0,1561.2944482662758,2331.11328125,0,70,466.2518501281738,35131.245102318484,29407.322059624596,1146880
0.12969970703125,0.976230263710022,7.227960586547852,65536.0,0.0008,2283.83447265625,7862.6083984375,9782.0,1377.4105281107086,2376.46875,0,80,465.3136730194092,35144.405758141744,30267.884614402166,1310720
0.1621246337890625,0.6348994374275208,7.075790882110596,65536.0,0.0009000000000000001,2283.83447265625,7862.6083984375,9782.0,1182.978727641662,2376.5,0,90,462.1734619140625,35144.867683066164,30999.432074701766,1474560
0.17762184143066406,0.5403959155082703,7.034325122833252,65536.0,0.001,2283.83447265625,7862.6083984375,9782.0,1134.9287162002322,2376.5,0,100,466.74656867980957,35121.38062830543,31617.724357742314,1638400
0.18167495727539062,0.638184666633606,6.805481910705566,65536.0,0.000999973595252401,2283.83447265625,7862.6083984375,9782.0,902.7827257753664,2376.5,0,110,464.9810791015625,35277.20498506842,32166.646451841232,1802240
0.28634071350097656,0.5871156454086304,6.787938117980957,65536.0,0.000999894384108318,2283.83447265625,7862.6083984375,9782.0,887.0826151876627,2376.5,0,120,460.9212875366211,35235.51895336175,32626.97732706931,1966080
0.1995563507080078,0.49109745025634766,6.687151908874512,65536.0,0.0009997623758635297,2283.83447265625,7862.6083984375,9782.0,802.0347281602906,2376.5,0,130,462.57472038269043,35426.34593481905,33046.88261823177,2129920
0.7469654083251953,0.4689362049102783,6.5555620193481445,65536.0,0.0009995775860097895,2283.83447265625,7862.6083984375,9782.0,703.1442194500328,2376.5,0,140,460.4682922363281,35408.079542238884,33401.062156832835,2293760
0.12612342834472656,0.43453821539878845,6.561509609222412,65536.0,0.0009993400362330058,2283.83447265625,7862.6083984375,9782.0,707.3386940325173,2376.5,0,150,459.3653678894043,35517.127911837466,33718.47202008353,2457600
0.2148151397705078,0.5150732398033142,6.519400119781494,65536.0,0.000999049754410698,2283.83447265625,7862.6083984375,9782.0,678.1714416603069,2376.5,0,160,463.95277976989746,35430.07381184095,33975.21228884714,2621440
0.19431114196777344,0.49545183777809143,6.46567964553833,65536.0,0.000998706774608725,2283.83447265625,7862.6083984375,9782.0,642.7010239254479,2376.5,0,170,458.93406867980957,35512.3356106636,34205.780787119606,2785280
0.09679794311523438,0.45106783509254456,6.354384422302246,65536.0,0.0009983111370772877,2283.83447265625,7862.6083984375,9782.0,575.0082694247783,2376.5,0,180,461.5201950073242,35547.74029384631,34407.07471312861,2949120
0.17571449279785156,0.4823421537876129,6.3266096115112305,65536.0,0.0009978628882462038,2283.83447265625,7862.6083984375,9782.0,559.2572765279374,2376.5,0,190,458.0068588256836,35541.20441639031,34577.19416861786,3112960
0.202178955078125,0.5196991562843323,6.323796272277832,65536.0,0.0009973620807194618,2283.83447265625,7862.6083984375,9782.0,557.6861072427149,2376.5,0,200,460.0074291229248,35524.914717067906,34719.35225088537,3276800
0.1575946807861328,0.5287100672721863,6.357250213623047,65536.0,0.000996808773269045,2283.83447265625,7862.6083984375,9782.0,576.6584865922996,2376.5,0,210,460.80780029296875,35553.78191282769,34844.51670017672,3440640
0.1609325408935547,0.42382898926734924,6.348389625549316,65536.0,0.0009962030308280363,2283.83447265625,7862.6083984375,9782.0,571.5715233079115,2376.5,0,220,466.4163589477539,35477.9208334525,34939.52732016808,3604480
0.13589859008789062,0.5095247626304626,6.209253311157227,65536.0,0.0009955449244829966,2283.83447265625,7862.6083984375,9782.0,497.32976202614003,2376.5,0,230,460.8626365661621,35420.04630927987,35011.60516853485,3768320
0.20956993103027344,0.4986305236816406,6.172586441040039,65536.0,0.0009948345314656232,2283.83447265625,7862.6083984375,9782.0,479.4245070940428,2376.5,0,240,461.4248275756836,35440.638868795504,35075.960223573944,3932160
0.22101402282714844,0.4888988435268402,6.194486618041992,65536.0,0.000994071935143687,2283.83447265625,7862.6083984375,9782.0,490.03980281579527,2377.02734375,0,250,460.9203338623047,35376.71455000471,35121.07337253856,4096000
0.28061866760253906,0.5489469170570374,6.222720623016357,65536.0,0.0009932572250112468,2283.83447265625,8578.95654296875,12926.0,504.0727601437913,2377.4921875,0,260,464.22648429870605,35216.50486749407,35135.388096781884,4259840
0.16498565673828125,0.4860014021396637,6.290990829467773,65536.0,0.0009923904966781495,2283.83447265625,8578.95654296875,12926.0,539.6878028331918,2377.4921875,0,270,465.91830253601074,35287.209745341686,35158.161344065855,4423680
0.20384788513183594,0.4242263436317444,6.130212783813477,65536.0,0.0009914718518588075,2283.83447265625,8578.95654296875,12926.0,459.53393165992486,2377.4921875,0,280,464.1404151916504,35311.87360308412,35181.218182918594,4587520
0.1392364501953125,0.42846980690956116,6.116586685180664,65536.0,0.0009905013983602638,2283.83447265625,8578.95654296875,12926.0,453.314744834912,2377.4921875,0,290,463.53697776794434,35405.10963508554,35214.80190074364,4751360
0.14352798461914062,0.5468818545341492,6.098552703857422,65536.0,0.000989479250069539,2283.83447265625,8578.95654296875,12926.0,445.2129485881259,2377.4921875,0,300,464.2298221588135,35329.41601706642,35231.994018192054,4915200
0.19407272338867188,0.4938264489173889,6.158483505249023,65536.0,0.000988405526940267,2283.83447265625,8578.95654296875,12926.0,472.7106677539075,2377.4921875,0,310,463.1476402282715,35398.330700502345,35256.9445205386,5079040
0.10538101196289062,0.4551820755004883,6.0950517654418945,65536.0,0.0009872803549786176,2283.83447265625,8578.95654296875,12926.0,443.6570106839188,2377.4921875,0,320,463.7937545776367,35233.07107054697,35253.36350303986,5242880
0.10442733764648438,0.4285377562046051,5.95261812210083,65536.0,0.0009861038662285092,2283.83447265625,8578.95654296875,12926.0,384.75936853872213,2382.98828125,0,330,463.70816230773926,35365.344876494135,35270.160709058,5406720
0.9310245513916016,0.46334895491600037,5.904919624328613,65536.0,0.0009848761987561131,2283.83447265625,8578.95654296875,12926.0,366.8377397728792,2382.98828125,0,340,463.96589279174805,35260.941024806096,35268.77775642021,5570560
0.21886825561523438,0.4382556974887848,6.000097274780273,65536.0,0.0009835974966336503,2283.83447265625,8578.95654296875,12926.0,403.46803884873884,2382.98828125,0,350,457.78918266296387,35389.790058462604,35286.92960172657,5734400
0.3833770751953125,0.41889578104019165,5.8613762855529785,65536.0,0.0009822679099224844,2283.83447265625,8578.95654296875,12926.0,351.20717290900507,2382.98828125,0,360,463.4554386138916,35348.985016021106,35296.23791387075,5898240
0.15163421630859375,0.4211072027683258,5.919724941253662,65536.0,0.000980887594655511,2283.83447265625,8578.95654296875,12926.0,372.3092928635853,2382.98828125,0,370,460.24394035339355,35393.84201999015,35310.87852978866,6062080
0.24771690368652344,0.4270431101322174,5.947315216064453,65536.0,0.0009794567128188466,2283.83447265625,8578.95654296875,12926.0,382.72442608374365,2382.98828125,0,380,461.1673355102539,35401.66968980957,35324.49720379179,6225920
0.23221969604492188,0.4464663565158844,5.895570755004883,65536.0,0.0009779754323328191,2283.83447265625,8578.95654296875,12926.0,363.4242028980939,2382.98828125,0,390,460.9837532043457,35425.533248549225,35339.65261050541,6389760
0.17523765563964844,0.5840802788734436,5.998922348022461,65536.0,0.0009764439270322612,2283.83447265625,8578.95654296875,12926.0,402.99427182924853,2382.98828125,0,400,460.1774215698242,35270.1925370948,35329.23359949382,6553600
0.1518726348876953,0.45720335841178894,5.912254333496094,65536.0,0.00097486237664611,2283.83447265625,8578.95654296875,12926.0,369.5382796360649,2382.99609375,0,410,462.3072147369385,35367.25235941307,35334.93641348171,6717440
0.11205673217773438,0.46855679154396057,5.835855484008789,65536.0,0.0009732309667763159,2283.83447265625,8578.95654296875,12926.0,342.35749016645815,2382.99609375,0,420,458.9872360229492,35461.026649948806,35353.84994895177,6881280
0.1392364501953125,0.5369638204574585,5.927954196929932,65536.0,0.00097154988887606,2283.83447265625,8578.95654296875,12926.0,375.3857623906804,2382.99609375,0,430,459.9018096923828,35355.9706234511,35354.16805012667,7045120
0.2143383026123047,0.5679214596748352,5.815203666687012,65536.0,0.0009698193402272879,2283.83447265625,8578.95654296875,12926.0,335.3596931438587,2383.32421875,0,440,457.99922943115234,35540.2835197023,35382.08537056301,7208960
0.8807182312011719,0.49757692217826843,5.951731204986572,65536.0,0.0009680395239175562,2283.83447265625,8578.95654296875,12926.0,384.4182701552507,2382.32421875,0,450,461.899995803833,35444.38620810882,35391.43049619488,7372800
0.22268295288085938,0.45490318536758423,5.927752494812012,65536.0,0.0009662106488162,2283.83447265625,8578.95654296875,12926.0,375.310053922905,2382.32421875,0,460,459.92088317871094,35486.77345209719,35405.731939580226,7536640
0.11324882507324219,0.4366667866706848,5.769412040710449,65536.0,0.0009643329295498215,2283.83447265625,8578.95654296875,12926.0,320.34932490326423,2382.52734375,0,470,461.209774017334,35528.02966054705,35424.076597725245,7700480
0.18906593322753906,0.4640793800354004,5.830976486206055,65536.0,0.0009624065864771017,2283.83447265625,8578.95654296875,12926.0,340.691196950112,2382.52734375,0,480,465.0154113769531,35419.82358092711,35423.438645205526,7864320
0.14472007751464844,0.4581819176673889,5.806087493896484,65536.0,0.0009604318456629415,2283.83447265625,8578.95654296875,12926.0,332.3163889536277,2382.52734375,0,490,461.6231918334961,35440.70649667857,35426.028822926484,8028160
0.15306472778320312,0.4604390263557434,5.760573863983154,65536.0,0.0009584089388519307,2283.83447265625,8578.95654296875,12926.0,317.5304959584832,2382.52734375,0,500,462.8458023071289,35425.70491400334,35425.98023658802,8192000
0.1819133758544922,0.5074948072433472,5.765471458435059,65536.0,0.0009563381034411528,2283.83447265625,8578.95654296875,12926.0,319.0894459901768,2382.52734375,0,510,462.33654022216797,33279.51364274316,35104.01024751129,8355840
0.11277198791503906,0.4505409300327301,5.678377151489258,65536.0,0.0009542195824523249,2283.83447265625,8578.95654296875,12926.0,292.4744029291564,2382.52734375,0,520,455.0485610961914,35443.23267437061,35154.89361154018,8519680
0.13303756713867188,0.41331472992897034,5.710712432861328,65536.0,0.0009520536245032781,2283.83447265625,8578.95654296875,12926.0,302.08620777884283,2382.52734375,0,530,459.46407318115234,35401.00585367713,35191.81044786072,8683520
1.2707710266113281,0.40642809867858887,5.625575065612793,65536.0,0.0009498404837787811,2283.83447265625,8578.95654296875,12926.0,277.4317801351693,2382.52734375,0,540,459.48004722595215,35412.823670622776,35224.96243127503,8847360
0.7669925689697266,0.4379827678203583,5.651056289672852,65536.0,0.0009475804200007103,2283.83447265625,8578.95654296875,12926.0,284.59191861800645,2382.52734375,0,550,461.6506099700928,35535.170745934,35271.493678473875,9011200
0.1163482666015625,0.45783600211143494,5.6623053550720215,65536.0,0.0009452736983975708,2283.83447265625,8578.95654296875,12926.0,287.81138577129,2382.52734375,0,560,462.9697799682617,35501.1922261096,35305.948460619235,9175040
0.14591217041015625,0.41838428378105164,5.597370147705078,65536.0,0.0009429205896733703,2283.83447265625,8578.95654296875,12926.0,269.71616024990504,2382.52734375,0,570,459.2907428741455,35550.93832584328,35342.69694040284,9338880
0.20551681518554688,0.4103504717350006,5.653043746948242,65536.0,0.0009405213699758506,2283.83447265625,8578.95654296875,12926.0,285.15809533683483,2382.52734375,0,580,460.6349468231201,35485.08393174419,35364.05498910404,9502720
0.14781951904296875,0.43915119767189026,5.56382942199707,65536.0,0.0009380763208640809,2283.83447265625,8578.95654296875,12926.0,260.81971512428737,2382.52734375,0,590,456.8145275115967,35422.094811216375,35372.76096242089,9666560
0.22721290588378906,0.41509881615638733,5.628864288330078,65536.0,0.0009355857292754152,2283.83447265625,8578.95654296875,12926.0,278.34581746097535,2382.52734375,0,600,461.12751960754395,35498.29653163712,35391.59129780332,9830400
0.12612342834472656,0.4701365530490875,5.618910312652588,65536.0,0.0009330498874918191,2283.83447265625,8578.95654296875,12926.0,275.5889138031869,2382.52734375,0,610,461.92312240600586,35450.650603836686,35400.450193708326,9994240
0.12469291687011719,0.5507066249847412,5.663212776184082,65536.0,0.0009304690931055693,2283.83447265625,8578.95654296875,12926.0,288.0726704287087,2382.52734375,0,620,462.6474380493164,35408.29847403087,35401.6274357567,10158080
0.0934600830078125,0.41917726397514343,5.63115119934082,65536.0,0.0009278436489843298,2283.83447265625,8578.95654296875,12926.0,278.98309799991557,2382.52734375,0,630,462.89587020874023,35386.82868519783,35399.40762317287,10321920
1.0235309600830078,0.4088222086429596,5.478353977203369,65536.0,0.0009251738632356086,2283.83447265625,8578.95654296875,12926.0,239.4522389672797,2382.52734375,0,640,459.6061706542969,35347.34495336424,35391.59822270157,10485760
0.10609626770019531,0.43786126375198364,5.534818649291992,65536.0,0.0009224600491706008,2283.83447265625,8578.95654296875,12926.0,253.3618361221822,2382.52734375,0,650,460.01195907592773,35530.03556184494,35412.363823573076,10649600
0.5552768707275391,0.42554137110710144,5.587601661682129,65536.0,0.0009197025252674192,2283.83447265625,8578.95654296875,12926.0,267.0942685138303,2382.52734375,0,660,462.4919891357422,35389.91034625109,35408.99580197478,10813440
0.8502006530761719,0.46207261085510254,5.546058654785156,65536.0,0.0009169016151337201,2283.83447265625,8578.95654296875,12926.0,256.22568926347986,2382.52734375,0,670,461.27820014953613,35431.277639842345,35412.33807765491,10977280
0.15616416931152344,0.4064429700374603,5.5237274169921875,65536.0,0.0009140576474687263,2283.83447265625,8578.95654296875,12926.0,250.56726739517552,2382.52734375,0,680,463.9112949371338,35473.18488442633,35421.465098670626,11141120
0.10633468627929688,0.44179511070251465,5.436897277832031,65536.0,0.000911170956024653,2283.83447265625,8578.95654296875,12926.0,229.72829346345483,2382.52734375,0,690,460.7117176055908,35476.6680464401,35429.74554083605,11304960
0.13065338134765625,0.47968122363090515,5.46043586730957,65536.0,0.0009082418795675396,2283.83447265625,8578.95654296875,12926.0,235.19991798226945,2382.52734375,0,700,461.8947505950928,35399.56154898369,35425.217942058196,11468800
0.1671314239501953,0.41132909059524536,5.441265106201172,65536.0,0.0009052707618374958,2283.83447265625,8578.95654296875,12926.0,230.73390178437214,2382.52734375,0,710,459.8112106323242,35385.88297255627,35419.317696632905,11632640
0.32448768615722656,0.42387911677360535,5.515058517456055,65536.0,0.0009022579515083601,2283.83447265625,8578.95654296875,12926.0,248.40451282234096,2382.52734375,0,720,460.04199981689453,35473.77268871409,35427.48594544508,11796480
0.14925003051757812,0.4177412986755371,5.438501358032227,65536.0,0.0008992038021467829,2283.83447265625,8578.95654296875,12926.0,230.0970917823861,2382.52734375,0,730,460.92867851257324,35525.37751610066,35442.169681043415,11960320
0.24747848510742188,0.4990840554237366,5.287795066833496,65536.0,0.000896108672170733,2283.83447265625,8578.95654296875,12926.0,197.9065732042841,2382.953125,0,740,462.67080307006836,35378.280842365755,35432.586355241765,12124160
0.21457672119140625,0.47620663046836853,5.57280969619751,65536.0,0.0008929729248074364,2283.83447265625,8578.95654296875,12926.0,263.172496180783,2382.953125,0,750,460.73365211486816,35426.36237155526,35431.65275768879,12288000
0.13756752014160156,0.4183831810951233,5.480223178863525,65536.0,0.0008897969280507493,2283.83447265625,8578.95654296875,12926.0,239.9002420635107,2382.953125,0,760,461.62986755371094,35293.41688842917,35410.91737729985,12451840
0.12612342834472656,0.44014260172843933,5.509951591491699,65536.0,0.0008865810546179728,2283.83447265625,8578.95654296875,12926.0,247.1391631398178,2382.953125,0,770,461.7962837219238,35361.96906329023,35403.575130198406,12615680
0.18787384033203125,0.4556460380554199,5.459837913513184,65536.0,0.0008833256819061126,2283.83447265625,8578.95654296875,12926.0,235.05932133773996,2382.953125,0,780,460.5138301849365,35442.91459744985,35409.47605028612,12779520
0.19359588623046875,0.48347535729408264,5.582761764526367,65536.0,0.0008800311919475901,2283.83447265625,8578.95654296875,12926.0,265.8046829713644,2382.953125,0,790,464.8585319519043,35308.18869822105,35394.28294747636,12943360
0.2956390380859375,0.442518949508667,5.436226844787598,65536.0,0.0008766979713654089,2283.83447265625,8578.95654296875,12926.0,229.57432764192987,2382.953125,0,800,462.3827934265137,35495.03646068404,35409.39597445751,13107200
0.7493495941162109,0.4129280745983124,5.394280433654785,65536.0,0.0008733264113277831,2283.83447265625,8578.95654296875,12926.0,220.1436821055405,2382.95703125,0,810,462.3227119445801,35419.55156403354,35410.919312893915,13271040
0.13208389282226562,0.4159262776374817,5.374589920043945,65536.0,0.0008699169075022319,2283.83447265625,8578.95654296875,12926.0,215.85133785161077,2382.95703125,0,820,460.22605895996094,35489.438163624494,35422.6971405035,13434880
0.15687942504882812,0.4233303666114807,5.424849510192871,65536.0,0.0008664698600091461,2283.83447265625,8578.95654296875,12926.0,226.97718599200957,2382.95703125,0,830,461.92336082458496,35397.91496657596,35418.979814414364,13598720
0.14972686767578125,0.4960394501686096,5.408751010894775,65536.0,0.0008629856733748324,2283.83447265625,8578.95654296875,12926.0,223.35244862105847,2382.95703125,0,840,460.3748321533203,35479.65729859591,35428.0814370416,13762560
0.9286403656005859,0.416877806186676,5.4084272384643555,65536.0,0.0008594647564840406,2283.83447265625,8578.95654296875,12926.0,223.2801449615256,2382.95703125,0,850,461.73691749572754,35447.22740219467,35430.953331814555,13926400
0.15854835510253906,0.457724392414093,5.47269868850708,65536.0,0.0008559075225319786,2283.83447265625,8578.95654296875,12926.0,238.10188933439196,2382.95703125,0,860,460.038423538208,35508.50600337044,35442.58623254794,14090240
0.16808509826660156,0.5799673795700073,5.241050720214844,65536.0,0.0008523143889758228,2283.83447265625,8578.95654296875,12926.0,188.86844607980635,2383.0546875,0,870,456.99477195739746,35605.96678889299,35467.0933159997,14254080
0.6995201110839844,0.4560675621032715,5.285865783691406,65536.0,0.000848685777485727,2283.83447265625,8578.95654296875,12926.0,197.52512346948097,2383.0546875,0,880,464.47205543518066,35409.02826622433,35458.383558533395,14417920
0.14400482177734375,0.4002658426761627,5.396221160888672,65536.0,0.0008450221138953382,2283.83447265625,8578.95654296875,12926.0,220.57133579011997,2383.0546875,0,890,465.14439582824707,35388.54166530414,35447.907274549005,14581760
0.20265579223632812,0.40517741441726685,5.331945896148682,65536.0,0.0008413238281518226,2283.83447265625,8578.95654296875,12926.0,206.84007210871007,2383.0546875,0,900,458.437442779541,35446.63499209924,35447.716432181536,14745600
0.2307891845703125,0.4038192927837372,5.363121032714844,65536.0,0.0008375913542654093,2283.83447265625,8578.95654296875,12926.0,213.3899051057677,2383.0546875,0,910,465.5427932739258,35401.68245613303,35440.811335774255,14909440
0.125885009765625,0.4165406823158264,5.327929496765137,65536.0,0.0008338251302584579,2283.83447265625,8578.95654296875,12926.0,206.01098585588858,2383.0546875,0,920,464.205265045166,35450.57928039213,35442.27652746694,15073280
0.2830028533935547,0.42124849557876587,5.30043888092041,65536.0,0.0008300255981140543,2283.83447265625,8578.95654296875,12926.0,200.42475327525216,2383.0546875,0,930,463.512659072876,35424.51424744397,35439.61218546349,15237120
0.15878677368164062,0.4362797439098358,5.368713855743408,65536.0,0.0008261932037241419,2283.83447265625,8578.95654296875,12926.0,214.5867006944583,2383.0546875,0,940,461.98058128356934,35405.83382326718,35434.54543113404,15400960
0.1800060272216797,0.44670674204826355,5.288196563720703,65536.0,0.0008223283968371944,2283.83447265625,8578.95654296875,12926.0,197.98604803076353,2383.0546875,0,950,462.5582695007324,35350.76161923359,35421.977859348975,15564800
0.1494884490966797,0.4072701036930084,5.325311660766602,65536.0,0.0008184316310054355,2283.83447265625,8578.95654296875,12926.0,205.47238816881534,2383.0546875,0,960,454.603910446167,35527.13332366566,35437.75117899648,15728640
0.2162456512451172,0.42428943514823914,5.320746421813965,65536.0,0.000814503363531613,2283.83447265625,8578.95654296875,12926.0,204.53649553086163,2383.0546875,0,970,465.33918380737305,35395.83826657142,35431.464242132715,15892480
0.9477138519287109,0.3971947729587555,5.273104667663574,65536.0,0.0008105440554153319,2283.83447265625,8578.95654296875,12926.0,195.02049735167657,2383.0546875,0,980,462.01539039611816,35367.35247154674,35421.84747654482,16056320
0.21386146545410156,0.39619579911231995,5.276218414306641,65536.0,0.0008065541712989544,2283.83447265625,8578.95654296875,12926.0,195.62868815528242,2383.0546875,0,990,460.51788330078125,35481.77499034209,35430.836603614414,16220160
0.14972686767578125,0.41347694396972656,5.3140764236450195,65536.0,0.0008025341794130721,2283.83447265625,8578.95654296875,12926.0,203.17677718066597,2383.203125,0,1000,462.8901481628418,35451.56503239829,35433.945867931994,16384000
0.11682510375976562,0.3929574191570282,5.239238739013672,65536.0,0.000798484551521556,2283.83447265625,8578.95654296875,12926.0,188.5265298724357,2383.203125,0,1010,463.1979465484619,33786.6010504114,35186.844145303905,16547840
0.14495849609375,0.3925960958003998,5.186939716339111,65536.0,0.0007944057628661947,2283.83447265625,8578.95654296875,12926.0,178.92016778668577,2383.203125,0,1020,463.01746368408203,35550.59992145906,35241.40751172718,16711680
0.2753734588623047,0.4480006694793701,5.256253719329834,65536.0,0.0007902982921109214,2283.83447265625,8578.95654296875,12926.0,191.76175062409337,2383.203125,0,1030,458.82153511047363,35454.861024347854,35273.42553862028,16875520
0.12874603271484375,0.4282042682170868,5.187051296234131,65536.0,0.0007861626212856403,2283.83447265625,8578.95654296875,12926.0,178.94013279405027,2383.203125,0,1040,461.01999282836914,35494.41861822461,35306.57450056093,17039360
0.17976760864257812,0.44263458251953125,5.303462982177734,65536.0,0.0007819992357296598,2283.83447265625,8578.95654296875,12926.0,201.0317754092191,2383.203125,0,1050,465.9090042114258,35363.02632414495,35315.04227409853,17203200
0.27179718017578125,0.418959379196167,5.266858100891113,65536.0,0.0007778086240347343,2283.83447265625,8578.95654296875,12926.0,193.80608569354516,2383.203125,0,1060,461.75312995910645,35594.93788475471,35357.02661569695,17367040
0.2384185791015625,0.4055492579936981,5.241555213928223,65536.0,0.0007735912779877266,2283.83447265625,8578.95654296875,12926.0,188.96375306237462,2383.203125,0,1070,455.6012153625488,35588.42887490613,35391.73695457833,17530880
0.1685619354248047,0.40822383761405945,5.132467269897461,65536.0,0.0007693476925128937,2283.83447265625,8578.95654296875,12926.0,169.43464375489827,2383.203125,0,1080,463.72127532958984,35451.839370165835,35400.752316916456,17694720
0.14019012451171875,0.43483343720436096,5.123035430908203,65536.0,0.0007650783656138064,2283.83447265625,8578.95654296875,12926.0,167.84407625541297,2383.203125,0,1090,460.39772033691406,35547.91682344873,35422.8269928963,17858560
0.1766681671142578,0.41162624955177307,5.25117301940918,65536.0,0.0007607837983149056,2283.83447265625,8578.95654296875,12926.0,190.78993754871195,2383.203125,0,1100,462.3384475708008,35441.69718335901,35425.657521465706,18022400
0.2181529998779297,0.44562456011772156,5.1996989250183105,65536.0,0.0007564644946027048,2283.83447265625,8578.95654296875,12926.0,181.21767355323828,2383.203125,0,1110,460.18314361572266,35428.937648616295,35426.149540538296,18186240
0.24890899658203125,0.4148710370063782,5.130824565887451,65536.0,0.0007521209613666457,2283.83447265625,8578.95654296875,12926.0,169.1565412687399,2383.203125,0,1120,459.92016792297363,35445.14308403358,35428.99857206259,18350080
0.1857280731201172,0.5076701641082764,5.252777576446533,65536.0,0.0007477537083396113,2283.83447265625,8578.95654296875,12926.0,191.09631662127674,2386.046875,0,1130,462.0966911315918,35418.34670722834,35427.40079233745,18513920
0.18358230590820312,0.47195345163345337,5.183294296264648,65536.0,0.0007433632480381083,2283.83447265625,8578.95654296875,12926.0,178.26911601489928,2386.046875,0,1140,460.7994556427002,35525.94684891189,35442.182700823614,18677760
0.29850006103515625,0.46936678886413574,5.240514755249023,65536.0,0.0007389500957021191,2283.83447265625,8578.95654296875,12926.0,188.76724633174095,2386.046875,0,1150,463.51146697998047,35472.96881173425,35446.80061746021,18841600
0.11396408081054688,0.4551781713962555,5.274665355682373,65536.0,0.0007345147692346373,2283.83447265625,8578.95654296875,12926.0,195.32510113922623,2386.046875,0,1160,463.14120292663574,35508.06566065915,35455.990373940054,19005440
0.17023086547851562,0.42724910378456116,5.205254554748535,65536.0,0.0007300577891408889,2283.83447265625,8578.95654296875,12926.0,182.22725367802624,2386.046875,0,1170,460.9544277191162,35491.522195566075,35461.32014718396,19169280
0.23603439331054688,0.42080217599868774,5.190385341644287,65536.0,0.0007255796784672496,2283.83447265625,8578.95654296875,12926.0,179.5377229653083,2386.046875,0,1180,456.2668800354004,35529.44221763314,35471.53845775133,19333120
0.7309913635253906,0.40008974075317383,5.187874794006348,65536.0,0.0007210809627398615,2283.83447265625,8578.95654296875,12926.0,179.0875502854233,2386.046875,0,1190,457.78656005859375,35527.14434392647,35479.8793406776,19496960
0.13065338134765625,0.42663517594337463,5.204197406768799,65536.0,0.0007165621699029615,2283.83447265625,8578.95654296875,12926.0,182.03471429418914,2386.046875,0,1200,461.49659156799316,35407.39357348852,35469.00647559924,19660800
0.16236305236816406,0.4243459403514862,5.101746559143066,65536.0,0.0007120238302569245,2283.83447265625,8578.95654296875,12926.0,164.3086315793285,2386.046875,0,1210,460.21413803100586,35463.81743756589,35468.22811989424,19824640
0.15497207641601562,0.4304749667644501,5.187962532043457,65536.0,0.0007074664763960298,2283.83447265625,8578.95654296875,12926.0,179.10326376488092,2386.046875,0,1220,460.8762264251709,35491.4213792406,35471.70710879619,19988480
0.19621849060058594,0.4100915491580963,5.125261306762695,65536.0,0.0007028906431459593,2283.83447265625,8578.95654296875,12926.0,168.21809243443784,2386.046875,0,1230,456.12502098083496,35516.751602413606,35478.4637828388,20152320
0.2779960632324219,0.4683762192726135,5.124051094055176,65536.0,0.0006982968675010332,2283.83447265625,8578.95654296875,12926.0,168.0146358990134,2386.046875,0,1240,461.7931842803955,35454.03605432578,35474.79962356185,20316160
0.34618377685546875,0.44433364272117615,5.253549575805664,65536.0,0.000693685688561191,2283.83447265625,8578.95654296875,12926.0,191.24389981497637,2386.046875,0,1250,461.578369140625,35362.192884323376,35457.90861267608,20480000
3.556966781616211,0.4324747622013092,5.223520278930664,65536.0,0.0006890576474687264,2283.83447265625,8578.95654296875,12926.0,185.58635121406317,2386.046875,0,1260,458.1432342529297,35453.940938299405,35457.31346151958,20643840
0.18453598022460938,0.38747188448905945,5.139190673828125,65536.0,0.0006844132873447811,2283.83447265625,8578.95654296875,12926.0,170.57765947715828,2386.046875,0,1270,458.7740898132324,35577.55818466094,35475.35016999079,20807680
0.19311904907226562,0.4501669108867645,5.069735527038574,65536.0,0.0006797531532256079,2283.83447265625,8578.95654296875,12926.0,159.1322356038705,2386.046875,0,1280,458.26053619384766,35606.8744879724,35495.07881768802,20971520
0.1671314239501953,0.43005070090293884,5.1629719734191895,65536.0,0.0006750777919986074,2283.83447265625,8578.95654296875,12926.0,174.6828376650321,2386.12109375,0,1290,459.55491065979004,35640.31631747673,35516.864442656326,21135360
0.1628398895263672,0.4371223449707031,5.202358245849609,65536.0,0.0006703877523381495,2283.83447265625,8578.95654296875,12926.0,181.70023084045445,2386.12109375,0,1300,462.5222682952881,35698.98953012146,35544.1832057761,21299200
0.1647472381591797,0.4894595742225647,5.116339683532715,65536.0,0.0006656835846411824,2283.83447265625,8578.95654296875,12926.0,166.72398881833305,2386.12109375,0,1310,458.33587646484375,35617.54157376725,35555.18696097477,21463040
0.09441375732421875,0.38127657771110535,5.036457538604736,65536.0,0.000660965840962643,2283.83447265625,8578.95654296875,12926.0,153.9237790421061,2386.12109375,0,1320,459.98311042785645,35525.13876906215,35550.67973218787,21626880
0.23698806762695312,0.4059451222419739,5.078549385070801,65536.0,0.0006562350749506691,2283.83447265625,8578.95654296875,12926.0,160.5410037581955,2386.12109375,0,1330,462.8610610961914,35549.104766161465,35550.443487283905,21790720
0.11348724365234375,0.4331481456756592,5.126879692077637,65536.0,0.0006514918417816275,2283.83447265625,8578.95654296875,12926.0,168.49055453980756,2386.12109375,0,1340,460.9370231628418,35515.77323522939,35545.24294947572,21954560
0.186920166015625,0.40746578574180603,5.087100028991699,65536.0,0.0006467366980949609,2283.83447265625,8578.95654296875,12926.0,161.91961833761937,2386.12109375,0,1350,463.6995792388916,35583.1548393718,35550.92973296013,22118400
0.2505779266357422,0.5381811261177063,5.0159382820129395,65536.0,0.0006419702019278642,2283.83447265625,8578.95654296875,12926.0,150.79756104673717,2386.12109375,0,1360,458.8942527770996,35458.10091219136,35537.005409844816,22282240
0.17595291137695312,0.40049028396606445,4.972570896148682,65536.0,0.0006371929126497963,2283.83447265625,8578.95654296875,12926.0,144.39764192248373,2386.12109375,0,1370,460.5836868286133,35596.40002038831,35545.91460142634,22446080
0.22530555725097656,0.4356878697872162,5.103098392486572,65536.0,0.0006324053908968352,2283.83447265625,8578.95654296875,12926.0,164.5308996669806,2386.12109375,0,1380,462.85223960876465,35529.89227566918,35543.51125256276,22609920
0.1125335693359375,0.39857444167137146,5.011824607849121,65536.0,0.0006276081985058857,2283.83447265625,8578.95654296875,12926.0,150.17850319003864,2386.12109375,0,1390,458.9817523956299,35585.95382708046,35549.877638740414,22773760
0.09894371032714844,0.42119255661964417,5.282237529754639,65536.0,0.0006228018984487442,2283.83447265625,8578.95654296875,12926.0,196.80975072440887,2386.12109375,0,1400,460.15262603759766,35518.33399138198,35545.14609163665,22937600
0.20265579223632812,0.44129839539527893,5.096789360046387,65536.0,0.0006179870547660326,2283.83447265625,8578.95654296875,12926.0,163.49613649308245,2386.12109375,0,1410,462.6352787017822,35508.128041879245,35539.59338417304,23101440
0.1285076141357422,0.5021032094955444,5.159225940704346,65536.0,0.0006131642325010049,2283.83447265625,8578.95654296875,12926.0,174.02969415268328,2386.26171875,0,1420,457.4587345123291,35526.563952825614,35537.63896947092,23265280
0.12135505676269531,0.419161319732666,5.061529159545898,65536.0,0.0006083339976332375,2283.83447265625,8578.95654296875,12926.0,157.83168170892796,2386.26171875,0,1430,457.6685428619385,35576.59304105773,35543.48208020894,23429120
0.13375282287597656,0.4040995240211487,5.058791160583496,65536.0,0.0006034969170122078,2283.83447265625,8578.95654296875,12926.0,157.40012979212392,2386.26171875,0,1440,459.4106674194336,35578.28944473889,35548.70318488843,23592960
1.0592937469482422,0.37531763315200806,5.01767635345459,65536.0,0.0005986535582907738,2283.83447265625,8578.95654296875,12926.0,151.05988588467974,2386.26171875,0,1450,461.3919258117676,35493.998790963546,35540.49752579969,23756800
0.133514404296875,0.3839184641838074,5.11288595199585,65536.0,0.0005938044898585555,2283.83447265625,8578.95654296875,12926.0,166.14916214010276,2386.26171875,0,1460,461.8842601776123,35343.47631760758,35510.944344570875,23920640
0.1163482666015625,0.39653781056404114,5.126176834106445,65536.0,0.0005889502807752329,2283.83447265625,8578.95654296875,12926.0,168.37217121868278,2386.26171875,0,1470,463.8662338256836,35478.528943255296,35506.08203437354,24084480
0.23698806762695312,0.4400303363800049,5.075709342956543,65536.0,0.0005840915007037648,2283.83447265625,8578.95654296875,12926.0,160.08570738292605,2386.26171875,0,1480,461.52353286743164,35397.73627692408,35489.83017075612,24248320
0.133514404296875,0.4175742566585541,5.009195327758789,65536.0,0.0005792287198435348,2283.83447265625,8578.95654296875,12926.0,149.78416048749148,2386.26171875,0,1490,460.8607292175293,35534.667266913406,35496.55573517971,24412160
0.13446807861328125,0.4074646532535553,5.125570774078369,65536.0,0.000574362508863438,2283.83447265625,8578.95654296875,12926.0,168.27015849190727,2386.26171875,0,1500,461.2276554107666,35523.987318791136,35500.670472721424,24576000
0.12969970703125,0.42778855562210083,5.056764602661133,65536.0,0.000569493438834908,2283.83447265625,8578.95654296875,12926.0,157.0814723100939,2386.26171875,0,1510,461.00616455078125,33844.32317043741,35252.21837737882,24739840
0.20313262939453125,0.446677029132843,4.996124267578125,65536.0,0.0005646220811649013,2283.83447265625,8578.95654296875,12926.0,147.83906265076513,2386.26171875,0,1520,455.6312561035156,35511.08039202423,35291.047679575626,24903680
0.18334388732910156,0.4012617766857147,5.008028507232666,65536.0,0.000559749007528839,2283.83447265625,8578.95654296875,12926.0,149.60949117823148,2386.26171875,0,1530,462.68439292907715,35566.47323850939,35332.361513415686,25067520
0.14257431030273438,0.5251857042312622,5.289468765258789,65536.0,0.0005548747898035181,2283.83447265625,8578.95654296875,12926.0,198.23808647344143,2386.26171875,0,1540,457.2570323944092,35610.9984597815,35374.15705537055,25231360
0.14662742614746094,0.42979127168655396,5.085583686828613,65536.0,0.00055,2283.83447265625,8578.95654296875,12926.0,161.67427884961717,2386.26171875,0,1550,460.1874351501465,35559.92311091257,35402.02196370186,25395200
0.15020370483398438,0.47676417231559753,5.0414628982543945,65536.0,0.0005451252101964821,2283.83447265625,8578.95654296875,12926.0,154.6961543102812,2386.26171875,0,1560,458.89973640441895,35617.240666988706,35434.30476919489,25559040
0.19288063049316406,0.3817307651042938,5.008004665374756,65536.0,0.0005402509924711612,2283.83447265625,8578.95654296875,12926.0,149.60592425252204,2386.26171875,0,1570,458.35232734680176,35650.376469700816,35466.71552427078,25722880
0.1862049102783203,0.404836505651474,5.061934947967529,65536.0,0.0005353779188350989,2283.83447265625,8578.95654296875,12926.0,157.89574097430705,2386.26171875,0,1580,461.5366458892822,35555.295857807534,35480.002574301296,25886720
0.16546249389648438,0.41743364930152893,4.9754486083984375,65536.0,0.0005305065611650921,2283.83447265625,8578.95654296875,12926.0,144.81377525429863,2386.26171875,0,1590,458.9524269104004,35599.9295538754,35497.99162123741,26050560
0.14591217041015625,0.38712266087532043,4.924952983856201,65536.0,0.0005256374911365621,2283.83447265625,8578.95654296875,12926.0,137.68286817315237,2386.26171875,0,1600,459.44714546203613,35576.670397965776,35509.793437746666,26214400
0.24247169494628906,0.38961151242256165,4.98687744140625,65536.0,0.0005207712801564651,2283.83447265625,8578.95654296875,12926.0,146.47832150115536,2386.26171875,0,1610,458.0228328704834,35514.54714008042,35510.50649309673,26378240
0.125885009765625,0.44874057173728943,5.010610103607178,65536.0,0.0005159084992962354,2283.83447265625,8578.95654296875,12926.0,149.99622147422994,2386.26171875,0,1620,461.25340461730957,35532.791290056455,35513.849212640685,26542080
0.19860267639160156,0.3945268392562866,4.991362571716309,65536.0,0.0005110497192247671,2283.83447265625,8578.95654296875,12926.0,147.13677137362433,2386.26171875,0,1630,459.11502838134766,35607.09772999914,35527.83649024445,26705920
0.15926361083984375,0.4619958996772766,5.0095133781433105,65536.0,0.0005061955101414447,2283.83447265625,8578.95654296875,12926.0,149.83180697391978,2386.26171875,0,1640,456.4199447631836,35588.73482430829,35536.971240354025,26869760
0.12755393981933594,0.43573933839797974,4.977092742919922,65536.0,0.0005013464417092262,2283.83447265625,8578.95654296875,12926.0,145.05206441742214,2386.26171875,0,1650,462.1741771697998,35519.93671696732,35534.416061846016,27033600
0.1628398895263672,0.4247874915599823,4.996168613433838,65536.0,0.0004965030829877921,2283.83447265625,8578.95654296875,12926.0,147.84561884587515,2386.26171875,0,1660,459.6834182739258,35555.99308846665,35537.65261583911,27197440
0.22101402282714844,0.41744041442871094,4.947014808654785,65536.0,0.0004916660023667627,2283.83447265625,8578.95654296875,12926.0,140.75415804654165,2386.26171875,0,1670,463.0115032196045,35583.65969334854,35544.55367746553,27361280
0.13184547424316406,0.4016695022583008,4.91910457611084,65536.0,0.00048683576749899505,2283.83447265625,8578.95654296875,12926.0,136.87999268060253,2386.26171875,0,1680,457.8714370727539,35579.18283852592,35549.748051624585,27525120
0.2014636993408203,0.5171384215354919,4.95771598815918,65536.0,0.0004820129452339676,2283.83447265625,8578.95654296875,12926.0,142.26848163097313,2387.08984375,0,1690,457.89647102355957,35576.014716737285,35553.68805139149,27688960
0.12183189392089844,0.3963336944580078,4.976243019104004,65536.0,0.00047719810155125587,2283.83447265625,8578.95654296875,12926.0,144.9288625749214,2387.08984375,0,1700,459.5143795013428,35613.24628820291,35562.6217869132,27852800
0.12564659118652344,0.445574015378952,4.985109329223633,65536.0,0.0004723918014941144,2283.83447265625,8578.95654296875,12926.0,146.2195602233158,2387.08984375,0,1710,458.9037895202637,35582.73475282187,35565.6387317995,28016640
1.0881423950195312,0.4077487885951996,4.978619575500488,65536.0,0.00046759460910316477,2283.83447265625,8578.95654296875,12926.0,145.27370379530726,2387.08984375,0,1720,459.7806930541992,35494.0904554569,35554.90649034811,28180480
0.12326240539550781,0.40050506591796875,4.877035140991211,65536.0,0.0004628070873502037,2283.83447265625,8578.95654296875,12926.0,131.2409754971996,2387.08984375,0,1730,456.07852935791016,35546.34650710001,35553.62249286089,28344320
0.17189979553222656,0.38539254665374756,4.8418426513671875,65536.0,0.00045802979807213587,2283.83447265625,8578.95654296875,12926.0,126.70260549066954,2387.08984375,0,1740,462.69965171813965,35468.695508014476,35540.88344513393,28508160
0.22149085998535156,0.3810800313949585,4.904420852661133,65536.0,0.0004532633019050392,2283.83447265625,8578.95654296875,12926.0,134.88476922633103,2387.08984375,0,1750,461.3313674926758,35590.28492591317,35548.293667250815,28672000
0.13065338134765625,0.3929578959941864,4.933780670166016,65536.0,0.00044850815821837267,2283.83447265625,8578.95654296875,12926.0,138.90366984283332,2387.08984375,0,1760,461.8372917175293,35466.93082781025,35536.08924133473,28835840
0.2276897430419922,0.4273257851600647,4.98554801940918,65536.0,0.00044376492504933095,2283.83447265625,8578.95654296875,12926.0,146.28371938128825,2387.08984375,0,1770,457.1948051452637,35585.49681941844,35543.50037804729,28999680
0.17380714416503906,0.4240270256996155,4.835873126983643,65536.0,0.0004390341590373572,2283.83447265625,8578.95654296875,12926.0,125.94850424998533,2387.08984375,0,1780,460.3419303894043,35563.728848101615,35546.53464855544,29163520
0.1957416534423828,0.45943060517311096,4.972432613372803,65536.0,0.0004343164153588176,2283.83447265625,8578.95654296875,12926.0,144.37767559625965,2387.08984375,0,1790,459.40351486206055,35543.80377146836,35546.12501699238,29327360
0.12040138244628906,0.3982942998409271,4.855472087860107,65536.0,0.0004296122476618507,2283.83447265625,8578.95654296875,12926.0,128.44131248867265,2387.08984375,0,1800,459.2700004577637,35616.13492439988,35556.6265031035,29491200
0.274658203125,0.3935699760913849,4.83745002746582,65536.0,0.0004249222080013927,2283.83447265625,8578.95654296875,12926.0,126.14726918213772,2387.08984375,0,1810,459.5789909362793,35550.15485593619,35555.655756028405,29655040
0.14281272888183594,0.39812368154525757,4.950420379638672,65536.0,0.0004202468467743922,2283.83447265625,8578.95654296875,12926.0,141.23432347769992,2387.08984375,0,1820,458.38046073913574,35596.4571807153,35561.77596973144,29818880
0.18644332885742188,0.40201565623283386,4.878143787384033,65536.0,0.000415586712655219,2283.83447265625,8578.95654296875,12926.0,131.38655601502197,2387.08984375,0,1830,455.1699161529541,35516.56620411741,35554.994504889335,29982720
0.17118453979492188,0.4249300956726074,4.932165145874023,65536.0,0.0004109423525312738,2283.83447265625,8578.95654296875,12926.0,138.6794487560282,2387.08984375,0,1840,457.80348777770996,35470.13813638723,35542.266049614016,30146560
1.2843608856201172,0.38245776295661926,4.840237617492676,65536.0,0.00040631431143880916,2283.83447265625,8578.95654296875,12926.0,126.49940663101691,2387.08984375,0,1850,474.2848873138428,35375.605480336635,35517.26696422241,30310400
0.24461746215820312,0.38270941376686096,4.843508720397949,65536.0,0.0004017031324989668,2283.83447265625,8578.95654296875,12926.0,126.9138767251545,2387.08984375,0,1860,460.4988098144531,35547.40011153651,35521.78693631952,30474240
0.77056884765625,0.3966372609138489,4.838462829589844,65536.0,0.0003971093568540408,2283.83447265625,8578.95654296875,12926.0,126.27509612507808,2387.08984375,0,1870,460.39533615112305,35571.16600447304,35529.193796542546,30638080
0.14328956604003906,0.4136383533477783,4.861410140991211,65536.0,0.0003925335236039702,2283.83447265625,8578.95654296875,12926.0,129.2062727661071,2387.08984375,0,1880,458.86898040771484,35621.2100915781,35542.996240797875,30801920
0.14734268188476562,0.3700181245803833,4.890006065368652,65536.0,0.0003879761697430756,2283.83447265625,8578.95654296875,12926.0,132.95438046616866,2387.08984375,0,1890,459.2125415802002,35499.15657143105,35536.42029039285,30965760
0.19431114196777344,0.43437251448631287,4.963872909545898,65536.0,0.00038343783009703845,2283.83447265625,8578.95654296875,12926.0,143.14711956493414,2387.08984375,0,1900,459.89108085632324,35611.07043018573,35547.617811361786,31129600
0.8761882781982422,0.3988739848136902,4.808669090270996,65536.0,0.0003789190372601387,2283.83447265625,8578.95654296875,12926.0,122.5683814637762,2387.08984375,0,1910,461.41600608825684,35580.25681250351,35552.51366153304,31293440
0.21147727966308594,0.41202783584594727,4.87410831451416,65536.0,0.0003744203215327505,2283.83447265625,8578.95654296875,12926.0,130.85741751287887,2387.08984375,0,1920,458.9533805847168,35572.26711518157,35555.47667958032,31457280
0.1342296600341797,0.3876156210899353,4.800177574157715,65536.0,0.00036994221085911104,2283.83447265625,8578.95654296875,12926.0,121.53199654466133,2387.08984375,0,1930,460.54673194885254,35469.986178884574,35542.65310447596,31621120
0.8516311645507812,0.3758574426174164,4.906548023223877,65536.0,0.0003654852307653628,2283.83447265625,8578.95654296875,12926.0,135.17199752027213,2387.08984375,0,1940,458.1189155578613,35534.71504168225,35541.4623950569,31784960
0.2739429473876953,0.3958468735218048,4.886868476867676,65536.0,0.000361049904297881,2283.83447265625,8578.95654296875,12926.0,132.53787807910044,2387.08984375,0,1950,457.2491645812988,35599.75803998839,35550.206741796625,31948800
0.4189014434814453,0.40830323100090027,4.773782730102539,65536.0,0.0003566367519618918,2283.83447265625,8578.95654296875,12926.0,118.36614334767434,2387.08984375,0,1960,463.82761001586914,35510.08398777559,35544.18832869347,32112640
0.2040863037109375,0.39503973722457886,4.8472676277160645,65536.0,0.00035224629166038867,2283.83447265625,8578.95654296875,12926.0,127.39183195708894,2387.08984375,0,1970,459.32579040527344,35532.0141314254,35542.362199103256,32276480
0.14328956604003906,0.39789822697639465,4.86763334274292,65536.0,0.0003478790386333546,2283.83447265625,8578.95654296875,12926.0,130.01285663305433,2387.08984375,0,1980,459.22112464904785,35520.76292067252,35539.12230733864,32440320
0.11014938354492188,0.4176563322544098,4.888172149658203,65536.0,0.00034353550539729526,2283.83447265625,8578.95654296875,12926.0,132.71077678164573,2387.08984375,0,1990,463.6096954345703,35501.425149231625,35533.46773362259,32604160
0.1437664031982422,0.37741684913635254,4.765599727630615,131072.0,0.0003392162016850945,2283.83447265625,8578.95654296875,12926.0,117.40150510542698,2387.08984375,0,2000,458.36710929870605,35652.71620875509,35551.35500489246,32768000
0.2942085266113281,0.3964953124523163,4.894959449768066,131072.0,0.0003349216343861936,2283.83447265625,8578.95654296875,12926.0,133.6145884021432,2387.08984375,0,2010,458.8651657104492,33832.870910810765,35293.582390780204,32931840
2.9175281524658203,0.3935081362724304,4.828763008117676,131072.0,0.00033065230748710643,2283.83447265625,8578.95654296875,12926.0,125.05617146907787,2387.08984375,0,2020,459.2866897583008,35600.9512945023,35339.68772633852,33095680
0.15234947204589844,0.39908209443092346,4.826839447021484,131072.0,0.0003264087220122736,2283.83447265625,8578.95654296875,12926.0,124.81584949390333,2387.08984375,0,2030,466.1266803741455,35524.648429438785,35367.43183180356,33259520
0.16355514526367188,0.40688371658325195,4.813617706298828,131072.0,0.0003221913759652657,2283.83447265625,8578.95654296875,12926.0,123.17642857577381,2387.08984375,0,2040,459.3989849090576,35458.11920798796,35381.03493823121,33423360
0.21147727966308594,0.41493329405784607,4.807462692260742,131072.0,0.0003180007642703402,2283.83447265625,8578.95654296875,12926.0,122.42060436917757,2387.08984375,0,2050,458.31799507141113,35504.475440372255,35399.551013552365,33587200
0.7903575897216797,0.46521058678627014,4.904036521911621,131072.0,0.0003138373787143598,2283.83447265625,8578.95654296875,12926.0,134.83293882252352,2387.08984375,0,2060,460.83688735961914,35501.50217959805,35414.843688459216,33751040
0.8044242858886719,0.4199506342411041,4.843874931335449,131072.0,0.00030970170788907874,2283.83447265625,8578.95654296875,12926.0,126.96036248620932,2387.08984375,0,2070,463.20652961730957,35500.121185896984,35427.635313074876,33914880
0.2181529998779297,0.39551374316215515,4.850788116455078,131072.0,0.0003055942371338052,2283.83447265625,8578.95654296875,12926.0,127.84110383120607,2387.08984375,0,2080,463.7575149536133,35488.09109643389,35436.70368057873,34078720
0.10752677917480469,0.40705013275146484,4.85593318939209,131072.0,0.0003015154484784438,2283.83447265625,8578.95654296875,12926.0,128.5005506309805,2387.08984375,0,2090,457.7186107635498,35438.431051563,35436.962786226366,34242560
0.14925003051757812,0.4203531742095947,4.808955669403076,131072.0,0.000297465820586928,2283.83447265625,8578.95654296875,12926.0,122.60351203776084,2387.08984375,0,2100,462.5284671783447,35548.73697355448,35453.72891432558,34406400
0.19407272338867188,0.4066256582736969,4.79380989074707,131072.0,0.0002934458287010455,2283.83447265625,8578.95654296875,12926.0,120.76057794768528,2387.08984375,0,2110,461.58838272094727,35448.836517201635,35452.99505475699,34570240
0.14448165893554688,0.4038775563240051,4.835598945617676,131072.0,0.0002894559445846682,2283.83447265625,8578.95654296875,12926.0,125.9139762507319,2387.08984375,0,2120,461.01903915405273,35360.23318172535,35439.08077380224,34734080
0.15401840209960938,0.39426344633102417,4.721058368682861,131072.0,0.0002854966364683872,2283.83447265625,8578.95654296875,12926.0,112.2870308781257,2387.08984375,0,2130,458.18614959716797,35436.906940901186,35438.75469886708,34897920
0.13566017150878906,0.4447384476661682,4.837551116943359,131072.0,0.0002815683689945647,2283.83447265625,8578.95654296875,12926.0,126.16002198824872,2387.08984375,0,2140,460.1423740386963,35404.339875595455,35433.59247537634,35061760
0.10561943054199219,0.3851599097251892,4.823514938354492,131072.0,0.00027767160316280584,2283.83447265625,8578.95654296875,12926.0,124.40158711147119,2387.08984375,0,2150,459.8429203033447,35489.553631285,35441.986648762635,35225600
0.164031982421875,0.4346468448638916,4.736330986022949,131072.0,0.00027380679627585816,2283.83447265625,8578.95654296875,12926.0,114.01511029096267,2387.08984375,0,2160,460.1423740386963,35496.81860749962,35450.211442573185,35389440
0.10824203491210938,0.4060725271701813,4.742452621459961,131072.0,0.00026997440188594567,2283.83447265625,8578.95654296875,12926.0,114.7152099215109,2387.08984375,0,2170,458.8000774383545,35509.994075593975,35459.1788375263,35553280
0.1971721649169922,0.37925148010253906,4.816289901733398,131072.0,0.0002661748697415423,2283.83447265625,8578.95654296875,12926.0,123.5060202364018,2387.08984375,0,2180,458.91690254211426,35594.821730327596,35479.525271446495,35717120
0.194549560546875,0.37662267684936523,4.686929702758789,131072.0,0.00026240864573459096,2283.83447265625,8578.95654296875,12926.0,108.51948072957603,2387.08984375,0,2190,463.64688873291016,35503.02268072491,35483.049882838255,35880960
0.8556842803955078,0.3983740210533142,4.798232078552246,131072.0,0.0002586761718481776,2283.83447265625,8578.95654296875,12926.0,121.29578642683661,2387.08984375,0,2200,460.7381820678711,35511.753868185486,35487.35548064034,36044800
0.30684471130371094,0.41856929659843445,4.825954437255859,131072.0,0.0002549778861046618,2283.83447265625,8578.95654296875,12926.0,124.70543511430532,2387.08984375,0,2210,456.24613761901855,35494.24811949298,35488.389376468236,36208640
0.13899803161621094,0.46665021777153015,4.781525611877441,131072.0,0.0002513142225142731,2283.83447265625,8578.95654296875,12926.0,119.28619573359813,2387.08984375,0,2220,455.5199146270752,35595.40251004405,35504.44134650461,36372480
0.1506805419921875,0.4298095703125,4.747133255004883,131072.0,0.0002476856110241773,2283.83447265625,8578.95654296875,12926.0,115.25340835341399,2387.08984375,0,2230,460.695743560791,35448.58051186035,35496.06222130797,36536320
0.19025802612304688,0.45316290855407715,4.8009819984436035,131072.0,0.00024409247746802145,2283.83447265625,8578.95654296875,12926.0,121.62979916632244,2387.08984375,0,2240,456.8157196044922,35519.16195641365,35499.52718157382,36700160
0.19359588623046875,0.4520691931247711,4.741413593292236,131072.0,0.00024053524351595949,2283.83447265625,8578.95654296875,12926.0,114.59607948779171,2387.08984375,0,2250,459.9628448486328,35444.669575744396,35491.29854069941,36864000
0.17571449279785156,0.4191560745239258,4.820255279541016,131072.0,0.00023701432662516769,2283.83447265625,8578.95654296875,12926.0,123.99674057090033,2387.08984375,0,2260,459.3491554260254,35282.98470035574,35460.051464647855,37027840
0.14710426330566406,0.44063836336135864,4.728782653808594,131072.0,0.000233530139990854,2283.83447265625,8578.95654296875,12926.0,113.15772634142269,2387.08984375,0,2270,462.9366397857666,35454.504325281254,35459.21939374286,37191680
0.18715858459472656,0.4288693368434906,4.755414009094238,131072.0,0.0002300830924977683,2283.83447265625,8578.95654296875,12926.0,116.21175593003326,2387.08984375,0,2280,462.9087448120117,35496.99646530491,35464.88595447717,37355520
0.2002716064453125,0.4380369782447815,4.6583380699157715,131072.0,0.00022667358867221697,2283.83447265625,8578.95654296875,12926.0,105.46066817700292,2387.08984375,0,2290,460.1774215698242,35442.60201017611,35461.54336283201,37519360
0.16951560974121094,0.40230751037597656,4.771088600158691,131072.0,0.00022330202863459124,2283.83447265625,8578.95654296875,12926.0,118.04767876165911,2387.08984375,0,2300,460.9870910644531,35511.63642091242,35469.05732154407,37683200
0.19788742065429688,0.40911322832107544,4.788707256317139,131072.0,0.00021996880805241002,2283.83447265625,8578.95654296875,12926.0,120.14595030852905,2387.08984375,0,2310,458.1136703491211,35521.739726633525,35476.95968230748,37847040
0.1552104949951172,0.3973046541213989,4.745729446411133,131072.0,0.00021667431809388747,2283.83447265625,8578.95654296875,12926.0,115.09172813889741,2387.08984375,0,2320,461.82870864868164,35492.59455010986,35479.30491247783,38010880
0.19931793212890625,0.42412683367729187,4.752396106719971,131072.0,0.00021341894538202724,2283.83447265625,8578.95654296875,12926.0,115.86156887684804,2387.08984375,0,2330,458.8601589202881,35436.367868396,35472.86435586556,38174720
0.22220611572265625,0.3854014575481415,4.750597953796387,131072.0,0.00021020307194925076,2283.83447265625,8578.95654296875,12926.0,115.65341925655035,2387.08984375,0,2340,462.36681938171387,35452.03140912941,35469.73941385514,38338560
0.1494884490966797,0.4159058630466461,4.69901180267334,131072.0,0.00020702707519256364,2283.83447265625,8578.95654296875,12926.0,109.83857661612717,2387.08984375,0,2350,455.8885097503662,35483.22417941967,35471.762128689814,38502400
0.13446807861328125,0.4443133771419525,4.717564582824707,131072.0,0.000203891327829267,2283.83447265625,8578.95654296875,12926.0,111.89540855821379,2387.08984375,0,2360,460.8795642852783,35352.316520877546,35453.84528751797,38666240
0.46634674072265625,0.39396563172340393,4.6989545822143555,131072.0,0.00020079619785321712,2283.83447265625,8578.95654296875,12926.0,109.83229178217127,2387.08984375,0,2370,458.8816165924072,35421.667563984614,35449.018628987964,38830080
0.17881393432617188,0.3761180341243744,4.804508686065674,131072.0,0.00019774204849164,2283.83447265625,8578.95654296875,12926.0,122.05950675035123,2387.08984375,0,2380,461.8048667907715,35515.88887432019,35459.049165787794,38993920
0.1888275146484375,0.44222375750541687,4.768414497375488,131072.0,0.00019472923816250427,2283.83447265625,8578.95654296875,12926.0,117.73242882855175,2387.08984375,0,2390,460.87002754211426,35428.789697031534,35454.510245474354,39157760
0.118255615234375,0.40348440408706665,4.739363670349121,131072.0,0.00019175812043246033,2283.83447265625,8578.95654296875,12926.0,114.36140696772821,2387.08984375,0,2400,463.63306045532227,35508.39958621445,35462.59364658537,39321600
0.16736984252929688,0.40967145562171936,4.725760459899902,131072.0,0.00018882904397534702,2283.83447265625,8578.95654296875,12926.0,112.81625800182474,2387.08984375,0,2410,457.59034156799316,35552.67826748907,35476.10633972092,39485440
2.716541290283203,0.42708611488342285,4.749711036682129,131072.0,0.00018594235253127373,2283.83447265625,8578.95654296875,12926.0,115.55088973400441,2387.08984375,0,2420,457.75532722473145,35502.57513731392,35480.07665935987,39649280
0.12421607971191406,0.4280594289302826,4.6645917892456055,131072.0,0.00018309838486627993,2283.83447265625,8578.95654296875,12926.0,106.12225613264276,2387.08984375,0,2430,460.4601860046387,35412.33642655989,35469.91562443987,39813120
0.26726722717285156,0.4152003824710846,4.69420051574707,131072.0,0.0001802974747325809,2283.83447265625,8578.95654296875,12926.0,109.31138097019455,2387.08984375,0,2440,459.60545539855957,35485.131573280814,35472.19801676601,39976960
0.8652210235595703,0.463442862033844,4.879351615905762,131072.0,0.00017753995082939931,2283.83447265625,8578.95654296875,12926.0,131.54534431996638,2387.08984375,0,2450,458.9664936065674,35502.67234865295,35476.76916654905,40140800
0.17118453979492188,0.40328818559646606,4.763235092163086,131072.0,0.00017482613676439153,2283.83447265625,8578.95654296875,12926.0,117.12422130926555,2387.08984375,0,2460,464.33162689208984,35437.40217111435,35470.86411723384,40304640
0.2675056457519531,0.41382694244384766,4.819265365600586,131072.0,0.0001721563510156704,2283.83447265625,8578.95654296875,12926.0,123.87405520283801,2387.08984375,0,2470,460.27588844299316,35511.93371082793,35477.024556272954,40468480
0.1266002655029297,0.4557376801967621,4.700857162475586,131072.0,0.00016953090689443074,2283.83447265625,8578.95654296875,12926.0,110.04145544479525,2387.08984375,0,2480,462.6801013946533,35512.561339218235,35482.355073714745,40632320
0.12421607971191406,0.4251655638217926,4.772366523742676,131072.0,0.00016695011250818093,2283.83447265625,8578.95654296875,12926.0,118.19863110662088,2387.08984375,0,2490,460.1163864135742,35569.50710184364,35495.42787793408,40796160
0.21696090698242188,0.4548555016517639,4.815578460693359,131072.0,0.00016441427072458494,2283.83447265625,8578.95654296875,12926.0,123.41818423368711,2387.08984375,0,2500,460.79397201538086,35499.6333705087,35496.05870182028,40960000
0.2391338348388672,0.42744436860084534,4.663266181945801,131072.0,0.00016192367913591915,2283.83447265625,8578.95654296875,12926.0,105.98167289491116,2387.08984375,0,2510,459.9156379699707,33966.892573595454,35266.68378258655,41123840
0.21147727966308594,0.39466631412506104,4.655371189117432,131072.0,0.00015947863002414937,2283.83447265625,8578.95654296875,12926.0,105.14824263944666,2387.08984375,0,2520,460.8948230743408,35554.68879269596,35309.88453410297,41287680
0.14710426330566406,0.4497062861919403,4.766508102416992,131072.0,0.00015707941032662968,2283.83447265625,8578.95654296875,12926.0,117.50819812383492,2387.08984375,0,2530,461.824893951416,35555.76864711702,35346.76715105507,41451520
0.24175643920898438,0.4812900125980377,4.792656421661377,131072.0,0.0001547263016024292,2283.83447265625,8578.95654296875,12926.0,120.62136465879985,2387.1015625,0,2540,461.41886711120605,35588.90807509772,35383.08828966147,41615360
0.2434253692626953,0.402489572763443,4.665781497955322,131072.0,0.00015241957999928974,2283.83447265625,8578.95654296875,12926.0,106.24858583793325,2387.1015625,0,2550,454.32376861572266,35601.92698244069,35415.91409357835,41779200
0.11706352233886719,0.40171700716018677,4.739082336425781,131072.0,0.00015015951622121895,2283.83447265625,8578.95654296875,12926.0,114.32923774978565,2387.1015625,0,2560,460.0067138671875,35570.705694115175,35439.13283365888,41943040
0.1533031463623047,0.43617159128189087,4.743978023529053,131072.0,0.00014794637549672183,2283.83447265625,8578.95654296875,12926.0,114.89033027059631,2387.1015625,0,2570,455.4417133331299,35575.59664048262,35459.60240468244,42106880
0.2155303955078125,0.4146169126033783,4.6576104164123535,131072.0,0.0001457804175476751,2283.83447265625,8578.95654296875,12926.0,105.38395726519772,2387.1015625,0,2580,457.4544429779053,35621.07714769206,35483.82361613388,42270720
0.12350082397460938,0.4085964262485504,4.644729137420654,131072.0,0.0001436618965588472,2283.83447265625,8578.95654296875,12926.0,104.03518273078302,2387.1015625,0,2590,462.25523948669434,35529.21627442827,35490.63251487804,42434560
0.09512901306152344,0.41320347785949707,4.687849521636963,131072.0,0.0001415910611480694,2283.83447265625,8578.95654296875,12926.0,108.61934491804263,2387.1015625,0,2600,460.4923725128174,35654.57157193497,35515.22337343658,42598400
0.8816719055175781,0.38027557730674744,4.75089168548584,131072.0,0.0001395681543370586,2283.83447265625,8578.95654296875,12926.0,115.68739532045866,2387.1015625,0,2610,459.993839263916,35554.61888955954,35521.13270085502,42762240
0.12493133544921875,0.4386623799800873,4.784578323364258,131072.0,0.0001375934135228983,2283.83447265625,8578.95654296875,12926.0,119.65089845640486,2387.1015625,0,2620,459.9606990814209,35537.98240566874,35523.660156577076,42926080
0.7700920104980469,0.39337268471717834,4.683263778686523,131072.0,0.00013566707045017864,2283.83447265625,8578.95654296875,12926.0,108.12238485922892,2387.1015625,0,2630,459.68174934387207,35550.894185775636,35527.74526095686,43089920
0.16641616821289062,0.41012367606163025,4.648679256439209,131072.0,0.00013378935118380005,2283.83447265625,8578.95654296875,12926.0,104.44694680783145,2387.1015625,0,2640,461.26294136047363,35501.415978972174,35523.79586865915,43253760
0.21028518676757812,0.4379134178161621,4.717319488525391,131072.0,0.00013196047608244387,2283.83447265625,8578.95654296875,12926.0,111.86798699202853,2387.1015625,0,2650,457.904577255249,35554.775252218606,35528.44277619307,43417600
0.17833709716796875,0.46945711970329285,4.754096031188965,131072.0,0.00013018065977271216,2283.83447265625,8578.95654296875,12926.0,116.05869229278726,2387.1015625,0,2660,459.4697952270508,35478.40988397202,35520.93784235991,43581440
0.24747848510742188,0.39878153800964355,4.641371726989746,131072.0,0.00012845011112393997,2283.83447265625,8578.95654296875,12926.0,103.68647962038567,2387.1015625,0,2670,460.9982967376709,35525.094693036706,35521.561369961426,43745280
0.14925003051757812,0.5408757925033569,4.625411033630371,131072.0,0.0001267690332236842,2283.83447265625,8578.95654296875,12926.0,102.04470827062364,2387.1015625,0,2680,458.451509475708,35540.235729959175,35524.362523961085,43909120
0.2028942108154297,0.39866793155670166,4.597217559814453,131072.0,0.00012513762335389004,2283.83447265625,8578.95654296875,12926.0,99.20789122979555,2387.1015625,0,2690,460.77847480773926,35489.76257467587,35519.1725315683,44072960
0.2856254577636719,0.4368305802345276,4.710807800292969,131072.0,0.00012355607296773896,2283.83447265625,8578.95654296875,12926.0,111.14190411582528,2387.1015625,0,2700,454.92029190063477,35501.68558657786,35516.549489819736,44236800
0.1590251922607422,0.41586413979530334,4.74838924407959,131072.0,0.00012202456766718093,2283.83447265625,8578.95654296875,12926.0,115.3982563198187,2387.1015625,0,2710,461.2722396850586,35483.38357912339,35511.57460321528,44400640
1.2965202331542969,0.414762407541275,4.613964080810547,131072.0,0.00012054328718115336,2283.83447265625,8578.95654296875,12926.0,100.88326747075871,2387.1015625,0,2720,460.9694480895996,35505.959505744184,35510.732338594615,44564480
0.17976760864257812,0.4111312925815582,4.6385087966918945,131072.0,0.00011911240534448899,2283.83447265625,8578.95654296875,12926.0,103.39005697755124,2393.1171875,0,2730,461.2696170806885,35444.1979082503,35500.752174042966,44728320
0.23674964904785156,0.43436118960380554,4.640132904052734,131072.0,0.00011773209007751561,2283.83447265625,8578.95654296875,12926.0,103.55810996123024,2393.1171875,0,2740,459.9030017852783,35417.3390717556,35488.24020869986,44892160
0.13875961303710938,0.47767359018325806,4.6865997314453125,131072.0,0.00011640250336634969,2283.83447265625,8578.95654296875,12926.0,108.48367832119061,2393.1171875,0,2750,461.14039421081543,35397.68339971995,35474.65668735288,45056000
0.1614093780517578,0.3947915732860565,4.644654273986816,131072.0,0.00011512380124388696,2283.83447265625,8578.95654296875,12926.0,104.02739459129091,2393.1171875,0,2760,462.662935256958,35301.46858515239,35448.6784720228,45219840
0.8568763732910156,0.4436582028865814,4.647583961486816,131072.0,0.00011389613377149085,2283.83447265625,8578.95654296875,12926.0,104.33260922232078,2393.1171875,0,2770,460.7415199279785,35435.62963977851,35446.72114718616,45383680
0.12254714965820312,0.4928072392940521,4.795127868652344,131072.0,0.0001127196450213825,2283.83447265625,8578.95654296875,12926.0,120.91984265187455,2393.1171875,0,2780,459.4156742095947,35405.65870199868,35440.56178040804,45547520
0.16808509826660156,0.4252309799194336,4.586455821990967,131072.0,0.00011159447305973311,2283.83447265625,8578.95654296875,12926.0,98.14596624239468,2393.1171875,0,2790,462.7113342285156,35438.31043371212,35440.22407840365,45711360
0.09965896606445312,0.41405782103538513,4.591872215270996,131072.0,0.00011052074993046101,2283.83447265625,8578.95654296875,12926.0,98.67900566682867,2393.1171875,0,2800,459.6447944641113,35559.38764943517,35458.09861405838,45875200
0.1513957977294922,0.4052009582519531,4.633526802062988,131072.0,0.00010949860163973616,2283.83447265625,8578.95654296875,12926.0,102.87624922547418,2393.1171875,0,2810,460.88433265686035,35514.813276294895,35466.60581339386,46039040
0.11897087097167969,0.43250390887260437,4.599993705749512,131072.0,0.00010852814814119239,2283.83447265625,8578.95654296875,12926.0,99.48368946470217,2393.1171875,0,2820,459.08641815185547,35432.59116614227,35461.503616306116,46202880
0.4029273986816406,0.40504881739616394,4.639286041259766,131072.0,0.00010760950332185054,2283.83447265625,8578.95654296875,12926.0,103.47044757523955,2393.1171875,0,2830,462.55040168762207,35537.495386994226,35472.902381909335,46366720
0.1373291015625,0.459012508392334,4.724884986877441,131072.0,0.00010674277498875323,2283.83447265625,8578.95654296875,12926.0,112.71753363301555,2393.1171875,0,2840,460.3450298309326,35423.80938133949,35465.53843182386,46530560
0.1239776611328125,0.41016507148742676,4.612166404724121,131072.0,0.00010592806485631325,2283.83447265625,8578.95654296875,12926.0,100.70207494483722,2393.1171875,0,2850,457.3657512664795,35520.96672349617,35473.8526755747,46694400
0.22125244140625,0.4014360010623932,4.796403884887695,131072.0,0.00010516546853437686,2283.83447265625,8578.95654296875,12926.0,121.0742368180569,2393.1171875,0,2860,458.01258087158203,35434.96452944386,35468.01945365508,46858240
0.1342296600341797,0.4058690071105957,4.68228006362915,131072.0,0.00010445507551700357,2283.83447265625,8578.95654296875,12926.0,108.01607553881635,2393.1171875,0,2870,460.0362777709961,35418.44710883127,35460.5836019315,47022080
0.11014938354492188,0.5015115141868591,4.559432506561279,131072.0,0.00010379696917196379,2283.83447265625,8578.95654296875,12926.0,95.52925222077418,2393.1171875,0,2880,457.8115940093994,35604.295415316235,35482.14037393921,47185920
0.1647472381591797,0.43653130531311035,4.739058494567871,131072.0,0.00010319122673095489,2283.83447265625,8578.95654296875,12926.0,114.3265119608383,2393.1171875,0,2890,460.8886241912842,35462.271012458645,35479.159969717126,47349760
0.1316070556640625,0.456441730260849,4.697957515716553,131072.0,0.00010263791928053818,2283.83447265625,8578.95654296875,12926.0,109.72283625994332,2393.1171875,0,2900,459.3353271484375,35532.89785346467,35487.220652279255,47513600
0.16355514526367188,0.47602924704551697,4.742853164672852,131072.0,0.00010213711175379615,2283.83447265625,8578.95654296875,12926.0,114.76116752364867,2393.1171875,0,2910,457.3836326599121,35525.162643621596,35492.911950980604,47677440
0.18215179443359375,0.4589870572090149,4.726871967315674,131072.0,0.00010168886292271246,2283.83447265625,8578.95654296875,12926.0,112.94172382439224,2393.1171875,0,2920,460.7994556427002,35519.799020086466,35496.945011346485,47841280
0.17309188842773438,0.45261654257774353,4.778196334838867,131072.0,0.00010129322539127493,2283.83447265625,8578.95654296875,12926.0,118.88971929728609,2393.1171875,0,2930,461.93957328796387,35417.811850100494,35485.075037159586,48005120
0.1277923583984375,0.42316770553588867,4.719610214233398,131072.0,0.00010095024558930203,2283.83447265625,8578.95654296875,12926.0,112.12453959937413,2393.1171875,0,2940,456.53367042541504,35531.57320547385,35492.04976240672,48168960
1.1432170867919922,0.5237687230110168,4.568844318389893,131072.0,0.0001006599637669943,2283.83447265625,8578.95654296875,12926.0,96.43259996794247,2393.1171875,0,2950,460.74366569519043,35497.673074685976,35492.89325924861,48332800
0.2789497375488281,0.4331347942352295,4.624749183654785,131072.0,0.00010042241399021049,2283.83447265625,8578.95654296875,12926.0,101.9771923281231,2393.1171875,0,2960,458.4956169128418,35483.02264161446,35491.412666603486,48496640
0.9725093841552734,0.40233930945396423,4.565539360046387,131072.0,0.00010023762413647022,2283.83447265625,8578.95654296875,12926.0,96.11442031695492,2393.1171875,0,2970,463.47832679748535,35546.0449633995,35499.607511122886,48660480
0.22864341735839844,0.40434399247169495,4.636370658874512,131072.0,0.00010010561589168215,2283.83447265625,8578.95654296875,12926.0,103.16923094915532,2393.1171875,0,2980,461.21716499328613,35390.41337677172,35483.22839097021,48824320
0.1666545867919922,0.42282459139823914,4.618875980377197,131072.0,0.0001000264047475991,2283.83447265625,8578.95654296875,12926.0,101.38001493662003,2393.1171875,0,2990,462.493896484375,35418.77569987534,35473.56048730598,48988160
0.11587142944335938,0.40815016627311707,4.6127777099609375,131072.0,0.0001,2283.83447265625,8578.95654296875,12926.0,100.7636534703292,2393.1171875,0,3000,464.1251564025879,35460.45939601998,35471.59532361308,49152000
